{
  "raw": [
    0.9833253521306619,
    0.9640540384441932,
    0.9509919589103634,
    0.9172325781963044,
    0.8919027752584802,
    0.8592160544114348,
    0.837046557096524,
    0.7898271981139762,
    0.7622584321267051,
    0.7282122305848568,
    0.7122323861825701,
    0.6577777777777772,
    0.6440367700702272,
    0.6204319396158671,
    0.5270640204753995,
    0.6012915354386089,
    0.5550690414771132,
    0.5360585290757812,
    0.4703034765685497,
    0.46596975006230695,
    0.45736711019353277,
    0.37501122427420364,
    0.359953204752934,
    0.35934232835228735,
    0.33968546098300356,
    0.33168791386090324,
    0.32473048844308994
  ],
  "Thresh_DD_&_Herald": [
    0.9995293879687,
    0.9985839744609364,
    0.9967260359656878,
    0.9826274562898684,
    0.9693476473486188,
    0.9430727119237985,
    0.9354538665448299,
    0.897162461830917,
    0.8713328787171807,
    0.8507882407196051,
    0.8445258527334877,
    0.7876304403526024,
    0.782120292556242,
    0.7587443188353931,
    0.6359607513136762,
    0.756522247958849,
    0.7009254111737235,
    0.6837956586000922,
    0.5953489978253672,
    0.5920883709673722,
    0.5794719673178704,
    0.45519538557039163,
    0.43287094639102236,
    0.44375453004345666,
    0.41221183389087807,
    0.39577476197064315,
    0.32473048844308994
  ],
  "Thresh_No_Mit": [
    0.9959916361302917,
    0.9909849370541959,
    0.9777988159352631,
    0.9544323848562697,
    0.9442065989305783,
    0.9233260510451904,
    0.9014336818308496,
    0.879666005697473,
    0.851145353550504,
    0.8303649588946085,
    0.8136893666110925,
    0.7550392580633846,
    0.7619744258210478,
    0.7452318233178892,
    0.6750095028342287,
    0.6880155716948273,
    0.6860558652099478,
    0.6677507292069597,
    0.6086497012809435,
    0.6194549641244441,
    0.5528844223844726,
    0.4790588515683472,
    0.4847980108501627,
    0.4847327261772774,
    0.4563376316144266,
    0.4255251315785525,
    0.33375
  ],
  "CK_DD_&_Herald": [
    0.9207875274791093,
    0.7190583741303969,
    0.7016819506072549,
    0.6583671913711902,
    0.6070422132581406,
    0.6283552802782506,
    0.567346008095223,
    0.5370931637233531,
    0.5439326852076432,
    0.5532557812911743
  ]
}